岩見沢発,豊幌着,豊幌発,江別着,江別発,高砂着,高砂発,野幌着,野幌発,大麻着,大麻発,森林公園着,森林公園発,厚別着,厚別発,白石着,白石発,苗穂着,苗穂発,札幌着
,,,,5:34,5:36,5:36,5:38,5:38,5:41,5:42,5:44,5:44,5:46,5:47,5:51,5:51,5:54,5:55,5:58
5:55,6:07,6:08,6:13,6:13,6:15,6:16,6:18,6:18,6:21,6:21,6:23,6:24,6:26,6:27,6:31,6:31,6:34,6:36,6:40
6:20,6:32,6:32,6:37,6:38,6:40,6:40,6:42,6:42,6:45,6:46,6:48,6:48,6:50,6:51,6:55,6:55,6:58,6:59,7:02
,,,,6:51,6:53,6:54,6:56,6:56,6:59,6:59,7:01,7:02,7:04,7:05,7:09,7:09,7:12,7:13,7:16
6:45,6:57,6:57,7:02,7:03,7:05,7:05,7:07,7:08,7:11,7:11,7:13,7:14,7:16,7:18,7:22,7:22,7:25,7:26,7:29
7:06,7:18,7:19,7:24,7:25,7:27,7:28,7:30,7:31,7:34,7:35,7:37,7:39,7:41,7:42,7:46,7:47,7:50,7:51,7:55
7:15,7:27,7:28,7:33,7:34,7:36,7:37,7:39,7:39,7:42,7:43,7:45,7:47,7:49,7:50,7:54,7:55,7:58,7:59,8:03
7:24,7:36,7:37,7:42,7:43,7:45,7:46,7:48,7:48,7:51,7:52,7:54,7:56,7:58,7:59,8:03,8:04,8:07,8:09,8:13
,,,,7:48,7:50,7:51,7:53,7:53,7:56,7:57,7:59,8:01,8:03,8:04,8:08,8:09,8:12,8:13,8:17
7:33,7:45,7:47,7:52,7:52,7:54,7:55,7:57,7:58,8:01,8:02,8:04,8:06,8:08,8:09,8:13,8:14,8:17,8:19,8:23
7:51,8:03,8:04,8:09,8:10,8:12,8:12,8:14,8:15,8:18,8:19,8:21,8:22,8:24,8:25,8:29,8:30,8:33,8:35,8:38
8:09,8:21,8:21,8:26,8:31,8:33,8:35,8:37,8:37,8:40,8:40,8:42,8:43,8:45,8:46,8:50,8:50,8:53,8:54,8:58
8:30,8:42,8:43,8:48,8:48,8:50,8:51,8:53,8:53,8:56,8:56,8:58,8:59,9:01,9:02,9:06,9:06,9:09,9:09,9:13
,,,,8:57,8:59,9:00,9:02,9:02,9:05,9:05,9:07,9:08,9:10,9:15,9:19,9:20,9:23,9:24,9:27
9:01,9:13,9:14,9:19,9:20,9:22,9:23,9:25,9:26,9:29,9:29,9:31,9:32,9:34,9:35,9:39,9:39,9:42,9:44,9:47
,,,,9:33,9:35,9:36,9:38,9:38,9:41,9:41,9:43,9:44,9:46,9:50,9:54,9:54,9:57,9:58,10:01
,,,,9:47,9:49,9:50,9:52,9:52,9:55,9:56,9:58,9:59,10:01,10:02,10:06,10:07,10:10,10:11,10:15
9:39,9:51,9:53,9:58,9:59,10:01,10:02,10:04,10:05,10:08,10:09,10:11,10:12,10:14,10:20,10:24,10:24,10:27,10:28,10:32
10:06,10:18,10:18,10:23,10:24,10:26,10:26,10:28,10:29,10:32,10:32,10:34,10:35,10:37,10:37,10:41,10:41,10:44,10:45,10:48
,,,,10:36,10:38,10:39,10:41,10:41,10:44,10:44,10:46,10:47,10:49,10:49,10:53,10:53,10:56,10:57,11:01
10:35,10:47,10:47,10:52,10:53,10:55,10:55,10:57,10:58,11:01,11:01,11:03,11:04,11:06,11:06,11:10,11:10,11:13,11:14,11:17
,,,,11:16,11:18,11:19,11:21,11:21,11:24,11:24,11:26,11:27,11:29,11:29,11:33,11:33,11:36,11:37,11:41
11:10,11:22,11:24,11:29,11:30,11:32,11:33,11:35,11:36,11:39,11:40,11:42,11:43,11:45,11:50,11:54,11:55,11:58,11:59,12:02
11:34,11:46,11:46,11:51,11:56,11:58,11:59,12:01,12:02,12:05,12:05,12:07,12:08,12:10,12:10,12:14,12:14,12:17,12:18,12:21
,,,,12:16,12:18,12:19,12:21,12:21,12:24,12:25,12:27,12:28,12:30,12:31,12:35,12:35,12:38,12:39,12:42
12:12,12:24,12:25,12:30,12:31,12:33,12:34,12:36,12:36,12:39,12:40,12:42,12:43,12:45,12:46,12:50,12:50,12:53,12:54,12:58
12:37,12:49,12:49,12:54,12:55,12:57,12:57,12:59,13:00,13:03,13:03,13:05,13:06,13:08,13:08,13:12,13:12,13:15,13:16,13:19
,,,,13:14,13:16,13:17,13:19,13:19,13:22,13:22,13:24,13:25,13:27,13:28,13:32,13:32,13:35,13:35,13:38
13:12,13:24,13:25,13:30,13:31,13:33,13:33,13:35,13:36,13:39,13:39,13:41,13:42,13:44,13:45,13:49,13:49,13:52,13:53,13:56
13:34,13:46,13:46,13:51,13:52,13:54,13:54,13:56,13:57,14:00,14:00,14:02,14:03,14:05,14:05,14:09,14:09,14:12,14:13,14:16
,,,,14:16,14:18,14:19,14:21,14:21,14:24,14:24,14:26,14:27,14:29,14:30,14:34,14:34,14:37,14:37,14:41
14:12,14:24,14:26,14:31,14:32,14:34,14:35,14:37,14:37,14:40,14:41,14:43,14:44,14:46,14:48,14:52,14:52,14:55,14:57,15:00
14:37,14:49,14:49,14:54,14:55,14:57,14:57,14:59,15:00,15:03,15:03,15:05,15:06,15:08,15:08,15:12,15:12,15:15,15:16,15:19
,,,,15:17,15:19,15:20,15:22,15:22,15:25,15:25,15:27,15:28,15:30,15:30,15:34,15:34,15:37,15:38,15:41
15:14,15:26,15:27,15:32,15:32,15:34,15:35,15:37,15:37,15:40,15:40,15:42,15:43,15:45,15:50,15:54,15:55,15:58,15:59,16:03
15:36,15:48,15:48,15:53,15:54,15:56,15:56,15:58,15:59,16:02,16:02,16:04,16:05,16:07,16:07,16:11,16:11,16:14,16:15,16:18
,,,,16:14,16:16,16:17,16:19,16:19,16:22,16:22,16:24,16:25,16:27,16:27,16:31,16:31,16:34,16:35,16:38
16:05,16:17,16:17,16:22,16:23,16:25,16:25,16:27,16:28,16:31,16:31,16:33,16:34,16:36,16:36,16:40,16:40,16:43,16:44,16:47
,,,,16:34,16:36,16:37,16:39,16:39,16:42,16:43,16:45,16:46,16:48,16:49,16:53,16:53,16:56,16:58,17:01
,,,,16:44,16:46,16:47,16:49,16:49,16:52,16:52,16:54,16:55,16:57,16:58,17:02,17:02,17:05,17:05,17:09
16:35,16:47,16:47,16:52,16:53,16:55,16:55,16:57,16:58,17:01,17:01,17:03,17:04,17:06,17:07,17:11,17:11,17:14,17:15,17:19
,,,,17:02,17:04,17:05,17:07,17:07,17:10,17:10,17:12,17:13,17:15,17:20,17:24,17:24,17:27,17:28,17:31
17:05,17:17,17:18,17:23,17:24,17:26,17:26,17:28,17:29,17:32,17:32,17:34,17:35,17:37,17:37,17:41,17:41,17:44,17:45,17:48
,,,,17:32,17:34,17:35,17:37,17:37,17:40,17:40,17:42,17:43,17:45,17:50,17:54,17:54,17:57,17:58,18:01
17:35,17:47,17:48,17:53,17:54,17:56,17:56,17:58,17:59,18:02,18:02,18:04,18:05,18:07,18:08,18:12,18:13,18:16,18:17,18:20
,,,,18:15,18:17,18:18,18:20,18:20,18:23,18:23,18:25,18:26,18:28,18:28,18:32,18:32,18:35,18:36,18:39
18:03,18:15,18:15,18:20,18:21,18:23,18:23,18:25,18:26,18:29,18:29,18:31,18:32,18:34,18:34,18:38,18:38,18:41,18:42,18:45
,,,,18:32,18:34,18:35,18:37,18:37,18:40,18:41,18:43,18:43,18:45,18:50,18:54,18:55,18:58,18:59,19:02
18:32,18:44,18:45,18:50,18:50,18:52,18:53,18:55,18:55,18:58,18:58,19:00,19:01,19:03,19:04,19:08,19:08,19:11,19:12,19:15
,,,,18:57,18:59,19:00,19:02,19:02,19:05,19:05,19:07,19:08,19:10,19:11,19:15,19:15,19:18,19:19,19:23
19:09,19:21,19:21,19:26,19:27,19:29,19:29,19:31,19:32,19:35,19:35,19:37,19:38,19:40,19:40,19:44,19:44,19:47,19:48,19:51
,,,,19:34,19:36,19:37,19:39,19:39,19:42,19:42,19:44,19:45,19:47,19:47,19:51,19:51,19:54,19:55,19:58
,,,,19:48,19:50,19:51,19:53,19:53,19:56,19:57,19:59,19:59,20:01,20:02,20:06,20:06,20:09,20:10,20:13
19:39,19:51,19:51,19:56,19:57,19:59,19:59,20:01,20:02,20:05,20:05,20:07,20:08,20:10,20:10,20:14,20:15,20:18,20:20,20:23
,,,,20:15,20:17,20:18,20:20,20:20,20:23,20:23,20:25,20:26,20:28,20:28,20:32,20:32,20:35,20:36,20:40
20:13,20:25,20:25,20:30,20:31,20:33,20:33,20:35,20:36,20:39,20:39,20:41,20:42,20:44,20:45,20:49,20:49,20:52,20:53,20:57
,,,,20:38,20:40,20:41,20:43,20:44,20:47,20:47,20:49,20:50,20:52,20:53,20:57,20:57,21:00,21:00,21:04
,,,,20:50,20:52,20:53,20:55,20:55,20:58,20:59,21:01,21:02,21:04,21:05,21:09,21:09,21:12,21:12,21:16
,,,,21:02,21:04,21:05,21:07,21:07,21:10,21:10,21:12,21:13,21:15,21:20,21:24,21:24,21:27,21:28,21:32
21:10,21:22,21:23,21:28,21:28,21:30,21:31,21:33,21:33,21:36,21:37,21:39,21:39,21:41,21:42,21:46,21:46,21:49,21:50,21:54
,,,,21:38,21:40,21:41,21:43,21:43,21:46,21:46,21:48,21:49,21:51,21:51,21:55,21:55,21:58,21:59,22:02
,,,,21:50,21:52,21:53,21:55,21:55,21:58,21:58,22:00,22:01,22:03,22:03,22:07,22:07,22:10,22:11,22:15
21:44,21:56,21:56,22:01,22:02,22:04,22:04,22:06,22:07,22:10,22:10,22:12,22:13,22:15,22:20,22:24,22:24,22:27,22:28,22:32
,,,,22:26,22:28,22:29,22:31,22:31,22:34,22:34,22:36,22:37,22:39,22:39,22:43,22:43,22:46,22:47,22:51
22:33,22:45,22:45,22:50,22:51,22:53,22:53,22:55,22:55,22:58,22:59,23:01,23:01,23:03,23:04,23:08,23:08,23:11,23:12,23:15
23:05,23:17,23:17,23:22,23:23,23:25,23:25,23:27,23:28,23:31,23:31,23:33,23:34,23:36,23:36,23:40,23:40,23:43,23:44,23:47